	driverTotalChampionshipWins	resultsStartingGridPositionNumber	averagePracticePosition	lastFPPositionNumber	resultsQualificationPositionNumber	constructorTotalRaceStarts	constructorTotalRaceWins	constructorTotalPolePositions	driverTotalRaceEntries	finishingTime	driverTotalRaceStarts	driverTotalRaceWins	driverTotalPodiums	driverTotalPolePositions	SafetyCarStatus	yearsActive	best_qual_time	best_s1_sec	best_s2_sec	best_s3_sec	best_theory_lap_sec	LapTime_sec	SpeedI1_mph	SpeedI2_mph	SpeedFL_mph	SpeedST_mph	avgLapPace	trackRace	streetRace	turns	positionsGained	best_qual_time
driverTotalChampionshipWins	1.0	-0.3542335366545411	-0.3790689664882403	-0.34272338270388475	-0.36743646498770793	0.1004431430164926	0.31081091729908816	0.31315512353265396	0.5604478635254436	0.07437874645924498	0.5653222715743662	0.9872124216087831	0.9215168537971908	0.9561224674781743	0.0008275542424562585	0.32482459474305053	-0.029166704922310088	0.013672044346300274	0.017376754664694693	0.017015156491062236	0.01804962824880977	0.01805304427563537	0.028402965619045834	0.03186881711434316	0.027103836053630637	0.03056006021425602	0.030455294431680466	0.005739571130981339	-0.008524271800971114	0.0007891070031039653	-0.006819685754794719	-0.029166704922310088
resultsStartingGridPositionNumber	-0.3542335366545411	1.0	0.7124872840396577	0.6767362299008868	0.9485294753569512	-0.24951826443651667	-0.4784469237627549	-0.4698518702956525	-0.33932292340419956	-0.15562486317795687	-0.3408426713227019	-0.4031767091737053	-0.45159041208460665	-0.42107101120999685	-0.017274698670819932	-0.3416787653750616	0.08724544247923682	-0.012353933240491213	-0.006574103581336283	-0.0122314553496613	-0.011307016722020625	-0.010955400441440789	-0.03698599327746219	-0.03648888626965869	-0.034931793013958365	-0.03516390105599127	-0.06477733657217385	-9.115515241013435e-05	-0.0020401567480844976	0.007596371265357362	0.4795654281510848	0.08724544247923682
averagePracticePosition	-0.3790689664882403	0.7124872840396577	1.0	0.8980320221241118	0.7533980456272994	-0.2575866573200306	-0.4988526800663525	-0.49061471130347223	-0.38909559450649134	-0.13935587980059963	-0.3902345889553118	-0.4292758203225494	-0.4818418865486232	-0.44545320921177356	-0.006875207777565861	-0.3841907029687153	0.07729256455998537	0.014215984038044497	0.009145227618406105	0.010673451648725142	0.012449305794210525	0.013646604760993372	-0.02063229370920833	-0.021329230704268617	-0.0125377432564069	-0.01374989330988352	-0.048152165453690526	-0.02566440885334525	0.025297596121750743	0.018756597859460995	0.15394322629341597	0.07729256455998537
lastFPPositionNumber	-0.34272338270388475	0.6767362299008868	0.8980320221241118	1.0	0.709664997255714	-0.2590872934752231	-0.4687354990372377	-0.46263914244538007	-0.3352816852061985	-0.12804461828042454	-0.3363974675355042	-0.38883740914272086	-0.43587416461816836	-0.40290079716063354	-0.010001435894190867	-0.32855934201475095	0.06699061130846294	0.008354584054434745	0.0063679390617557355	0.005630200222502835	0.007509549085120997	0.008359870093675443	-0.018682155941815597	-0.017837772863754393	-0.012662422497247028	-0.011935157220069983	-0.04401802546001945	-0.016726347014670406	0.016903583280480156	0.012371190951833625	0.17049268122271719	0.06699061130846294
resultsQualificationPositionNumber	-0.36743646498770793	0.9485294753569512	0.7533980456272994	0.709664997255714	1.0	-0.26512127979449013	-0.5038336001976583	-0.4948415419278044	-0.3447007873844663	-0.1727847828850776	-0.34626292437358436	-0.41896452428293157	-0.4664851105144743	-0.43775573439003307	-0.017839260678342267	-0.35693881562660384	0.10369755458396435	-0.021027339816598753	-0.014908871211527785	-0.017493907819421995	-0.019641824577861025	-0.019291791292035027	-0.0402410645940964	-0.04636265579411712	-0.04791346771597753	-0.04452877532539344	-0.07388167431675174	0.011659249000830731	-0.013227268344164562	-0.005969465445109353	0.40392845967312435	0.10369755458396435
constructorTotalRaceStarts	0.1004431430164926	-0.24951826443651667	-0.2575866573200306	-0.2590872934752231	-0.26512127979449013	1.0	0.8888090969805232	0.8891339221736252	0.0752215669673649	0.10008427767872505	0.07475711910878391	0.11796819934547101	0.20026639489275946	0.1918859658843764	0.00206905152145357	0.008775958122022644	-0.012483194767613923	0.03946277434623135	0.04646301165438228	0.04650578108884723	0.04960862847591461	0.050202655385259094	0.04871007097518999	0.052310006027995265	0.04852496521719892	0.0553393369877808	0.05595453925268809	0.0060921657870883165	-0.01049057902953714	0.0027560010398155906	-0.032010764314360604	-0.012483194767613923
constructorTotalRaceWins	0.31081091729908816	-0.4784469237627549	-0.4988526800663525	-0.4687354990372377	-0.5038336001976583	0.8888090969805232	1.0	0.9911933178122945	0.2178707767764068	0.12146219613898014	0.2190438379491841	0.35156042975760166	0.432244828382572	0.418985456331484	0.010884688432799565	0.15713638101263044	-0.042192627093214245	0.016230301064604376	0.01718424405707894	0.017661606475221275	0.019067528761811378	0.019598266799811914	0.032598331469686846	0.03536844260079777	0.03178262316785089	0.034264438788115754	0.05258248689470592	0.003440016515582722	-0.004433809247103841	-0.00019477262566291133	-0.05829759514734662	-0.042192627093214245
constructorTotalPolePositions	0.31315512353265396	-0.4698518702956525	-0.49061471130347223	-0.46263914244538007	-0.4948415419278044	0.8891339221736252	0.9911933178122945	1.0	0.22076351817818704	0.11825441485216263	0.22193479424079962	0.35283182868767554	0.43455945768151366	0.43587730319527734	0.010584382078742512	0.15129099980221689	-0.040456860825566654	0.01822770043612617	0.02016109935542703	0.02035303211466019	0.021963123275540977	0.022354104911752343	0.034905363258314524	0.03769788259580637	0.034086445797216786	0.03681793150035878	0.050586251359254514	0.004271416735274219	-0.005761077112990838	-0.0002958393580514355	-0.059620202287552	-0.040456860825566654
driverTotalRaceEntries	0.5604478635254436	-0.33932292340419956	-0.38909559450649134	-0.3352816852061985	-0.3447007873844663	0.0752215669673649	0.2178707767764068	0.22076351817818704	1.0	0.07197204362028323	0.9999332965676695	0.5883007114131308	0.721861797749797	0.5747942837999989	0.004673708624497709	0.705786518325864	-0.020792642116192115	0.06633418929891706	0.07928929584439225	0.07644960436759392	0.08328129815351654	0.08314092848506578	0.08251585190927671	0.08401210454513894	0.07863797626002307	0.09217510241243843	0.03049182656698045	0.013539279102774995	-0.020145224358637043	0.004372095143243952	-0.017419385157773446	-0.020792642116192115
finishingTime	0.07437874645924498	-0.15562486317795687	-0.13935587980059963	-0.12804461828042454	-0.1727847828850776	0.10008427767872505	0.12146219613898014	0.11825441485216263	0.07197204362028323	1.0	0.07265969521441923	0.07887938358108489	0.08342760438296692	0.08254847261541727	0.23405771802218114	0.045020247536301815	-0.0029557837207485004	0.48592836738334344	0.4673926288075276	0.4248324424223515	0.495718300293991	0.4959126209369214	0.4668296736657857	0.5064742739433858	0.5254539794010775	0.5211445049334874	0.6983516333369763	-0.017875839626203916	0.015923246770719154	0.11784476598507468	0.06976495169254428	-0.0029557837207485004
driverTotalRaceStarts	0.5653222715743662	-0.3408426713227019	-0.3902345889553118	-0.3363974675355042	-0.34626292437358436	0.07475711910878391	0.2190438379491841	0.22193479424079962	0.9999332965676695	0.07265969521441923	1.0	0.593450363281981	0.7264643005306916	0.5795411785270178	0.004804159744395272	0.7049700074959685	-0.020902454664323434	0.06637507825302709	0.07931346580616538	0.07648300171039865	0.08331729466090862	0.08317142295545961	0.08262283222091368	0.08412910933336917	0.07873570451214353	0.09224878366408497	0.030963428761595545	0.013686557739197835	-0.020314435001108362	0.004315464805113091	-0.017312814527890994	-0.020902454664323434
driverTotalRaceWins	0.9872124216087831	-0.4031767091737053	-0.4292758203225494	-0.38883740914272086	-0.41896452428293157	0.11796819934547101	0.35156042975760166	0.35283182868767554	0.5883007114131308	0.07887938358108489	0.593450363281981	1.0	0.9525360834652669	0.96452172421409	0.0002777825390843054	0.3694165700574624	-0.03379322620827235	0.01092032092638718	0.014237642135796154	0.013995320324361864	0.01471220060635482	0.014697413292400836	0.02695605697108766	0.03013074156586604	0.02542108929603827	0.028645281117858273	0.029856230414509206	0.00528661134667943	-0.00785458663869845	0.0007811100714797414	-0.014349049542926887	-0.03379322620827235
driverTotalPodiums	0.9215168537971908	-0.45159041208460665	-0.4818418865486232	-0.43587416461816836	-0.4664851105144743	0.20026639489275946	0.432244828382572	0.43455945768151366	0.721861797749797	0.08342760438296692	0.7264643005306916	0.9525360834652669	1.0	0.9453256257582985	0.0028756857751112163	0.4234603504248831	-0.03653087336536909	0.018986280423581026	0.02552950238198981	0.024759813286767362	0.02605920006159891	0.026086378043997993	0.03744015051321371	0.04029106254954161	0.03418224990914784	0.03971445037575659	0.03144077681350148	0.00907113572178731	-0.013384435885518254	-5.7985366330783194e-05	-0.02983328376341233	-0.03653087336536909
driverTotalPolePositions	0.9561224674781743	-0.42107101120999685	-0.44545320921177356	-0.40290079716063354	-0.43775573439003307	0.1918859658843764	0.418985456331484	0.43587730319527734	0.5747942837999989	0.08254847261541727	0.5795411785270178	0.96452172421409	0.9453256257582985	1.0	0.0069726129447715	0.3680344713607789	-0.03564849450991681	0.013349490934967524	0.017738783614147324	0.016998104316301523	0.018087310544011186	0.01818706503866994	0.02985635417566214	0.033003694889107364	0.027616021310748192	0.030622327030084544	0.033605072042814065	0.006740027538404355	-0.00937298926368418	-0.0003540685489997795	-0.028725368935204953	-0.03564849450991681
SafetyCarStatus	0.0008275542424562585	-0.017274698670819932	-0.006875207777565861	-0.010001435894190867	-0.017839260678342267	0.00206905152145357	0.010884688432799565	0.010584382078742512	0.004673708624497709	0.23405771802218114	0.004804159744395272	0.0002777825390843054	0.0028756857751112163	0.0069726129447715	1.0	0.07013994611396893	-0.0657117149720493	0.172791946773993	0.175534898665345	0.2554488560514212	0.22375885798139253	0.22473981671537668	0.1452553792518003	0.22381190032282577	0.31209750972499367	0.2570821274346197	0.08166764424547801	-0.028976058608161135	0.0721748457686295	0.0024078022616205877	0.009930773733795981	-0.0657117149720493
yearsActive	0.32482459474305053	-0.3416787653750616	-0.3841907029687153	-0.32855934201475095	-0.35693881562660384	0.008775958122022644	0.15713638101263044	0.15129099980221689	0.705786518325864	0.045020247536301815	0.7049700074959685	0.3694165700574624	0.4234603504248831	0.3680344713607789	0.07013994611396893	1.0	-0.05269379691873021	0.05856633902343267	0.06253115364535258	0.06010233020804407	0.0677392621893513	0.06776902156804106	0.07486764039946114	0.0742252513719801	0.07385420936001307	0.08333566233003714	0.009831157668522793	0.009624260864227116	-0.006727522938348494	-0.0015716970987131704	-0.02724716116375594	-0.05269379691873021
best_qual_time	-0.029166704922310088	0.08724544247923682	0.07729256455998537	0.06699061130846294	0.10369755458396435	-0.012483194767613923	-0.042192627093214245	-0.040456860825566654	-0.020792642116192115	-0.0029557837207485004	-0.020902454664323434	-0.03379322620827235	-0.03653087336536909	-0.03564849450991681	-0.0657117149720493	-0.05269379691873021	1.0	0.3590798088790027	0.3472595673060773	0.28556212493662375	0.3701254653729289	0.36975458166707925	-0.04280168325399118	-0.04378882991914434	-0.11366196187816849	0.009429842391154766	0.3689994528828658	-0.13094791716335744	0.07990642571448515	0.5487782223118716	0.03729815027407234	1.0
best_s1_sec	0.013672044346300274	-0.012353933240491213	0.014215984038044497	0.008354584054434745	-0.021027339816598753	0.03946277434623135	0.016230301064604376	0.01822770043612617	0.06633418929891706	0.48592836738334344	0.06637507825302709	0.01092032092638718	0.018986280423581026	0.013349490934967524	0.172791946773993	0.05856633902343267	0.3590798088790027	1.0	0.776822980093701	0.6815447498411525	0.9111200298390708	0.9104350323079009	0.6877474152970993	0.7257895442868558	0.7314575803879343	0.8017329525784165	0.5380110854057005	-0.07222749728262857	0.016297671143586705	0.25819886671965553	-0.0030106743558451494	0.3590798088790026
best_s2_sec	0.017376754664694693	-0.006574103581336283	0.009145227618406105	0.0063679390617557355	-0.014908871211527785	0.04646301165438228	0.01718424405707894	0.02016109935542703	0.07928929584439225	0.4673926288075276	0.07931346580616538	0.014237642135796154	0.02552950238198981	0.017738783614147324	0.175534898665345	0.06253115364535258	0.3472595673060773	0.776822980093701	1.0	0.6335541316807194	0.9127830263715372	0.9125698316114228	0.7236036269490049	0.6290460153346039	0.675539601982542	0.7912369840876111	0.5261315871959036	0.101045339323845	-0.11528531761428189	0.26758732355030757	-0.006751336800915886	0.34725956730607727
best_s3_sec	0.017015156491062236	-0.0122314553496613	0.010673451648725142	0.005630200222502835	-0.017493907819421995	0.04650578108884723	0.017661606475221275	0.02035303211466019	0.07644960436759392	0.4248324424223515	0.07648300171039865	0.013995320324361864	0.024759813286767362	0.016998104316301523	0.2554488560514212	0.06010233020804407	0.28556212493662375	0.6815447498411525	0.6335541316807194	1.0	0.854961758075719	0.854719969101454	0.59968628353512	0.7389005675109319	0.675015692336084	0.7838131237696285	0.4023240428459302	-0.03726961048033055	0.01759674577636236	0.15880773019713357	-0.001521533713910248	0.28556212493662375
best_theory_lap_sec	0.01804962824880977	-0.011307016722020625	0.012449305794210525	0.007509549085120997	-0.019641824577861025	0.04960862847591461	0.019067528761811378	0.021963123275540977	0.08328129815351654	0.495718300293991	0.08331729466090862	0.01471220060635482	0.02605920006159891	0.018087310544011186	0.22375885798139253	0.0677392621893513	0.3701254653729289	0.9111200298390708	0.9127830263715372	0.854961758075719	1.0	0.9995908712716625	0.7526324142667955	0.7754887754411101	0.7745159169962514	0.8851906586133802	0.5295521577445379	0.005046398507689195	-0.03708454150942534	0.25756950615138957	-0.004382407620017506	0.37012546537292895
LapTime_sec	0.01805304427563537	-0.010955400441440789	0.013646604760993372	0.008359870093675443	-0.019291791292035027	0.050202655385259094	0.019598266799811914	0.022354104911752343	0.08314092848506578	0.4959126209369214	0.08317142295545961	0.014697413292400836	0.026086378043997993	0.01818706503866994	0.22473981671537668	0.06776902156804106	0.36975458166707925	0.9104350323079009	0.9125698316114228	0.854719969101454	0.9995908712716625	1.0	0.7512435411182478	0.7733529483594158	0.7724556763266858	0.8839503034455737	0.5292910050646749	0.004199745691710755	-0.03608197515908182	0.25734331031637153	-0.003762581139348259	0.36975458166707914
SpeedI1_mph	0.028402965619045834	-0.03698599327746219	-0.02063229370920833	-0.018682155941815597	-0.0402410645940964	0.04871007097518999	0.032598331469686846	0.034905363258314524	0.08251585190927671	0.4668296736657857	0.08262283222091368	0.02695605697108766	0.03744015051321371	0.02985635417566214	0.1452553792518003	0.07486764039946114	-0.04280168325399118	0.6877474152970993	0.7236036269490049	0.59968628353512	0.7526324142667955	0.7512435411182478	1.0	0.8483809990709015	0.7768816884286673	0.8817350923274317	0.4111411407518138	0.19946601707348233	-0.21445770641358675	-0.06116143048041691	-0.006658919179578028	-0.04280168325399119
SpeedI2_mph	0.03186881711434316	-0.03648888626965869	-0.021329230704268617	-0.017837772863754393	-0.04636265579411712	0.052310006027995265	0.03536844260079777	0.03769788259580637	0.08401210454513894	0.5064742739433858	0.08412910933336917	0.03013074156586604	0.04029106254954161	0.033003694889107364	0.22381190032282577	0.0742252513719801	-0.04378882991914434	0.7257895442868558	0.6290460153346039	0.7389005675109319	0.7754887754411101	0.7733529483594158	0.8483809990709015	1.0	0.8343843339979372	0.9070027326212571	0.38874836196007356	0.09866133602384851	-0.1454743691921656	-0.03964147604572913	-0.012990195048662825	-0.0437888299191444
SpeedFL_mph	0.027103836053630637	-0.034931793013958365	-0.0125377432564069	-0.012662422497247028	-0.04791346771597753	0.04852496521719892	0.03178262316785089	0.034086445797216786	0.07863797626002307	0.5254539794010775	0.07873570451214353	0.02542108929603827	0.03418224990914784	0.027616021310748192	0.31209750972499367	0.07385420936001307	-0.11366196187816849	0.7314575803879343	0.675539601982542	0.675015692336084	0.7745159169962514	0.7724556763266858	0.7768816884286673	0.8343843339979372	1.0	0.9153860260427774	0.37564824021379484	0.017076750553846647	0.028910119967076715	-0.07224134669075546	-0.007633043505790227	-0.11366196187816843
SpeedST_mph	0.03056006021425602	-0.03516390105599127	-0.01374989330988352	-0.011935157220069983	-0.04452877532539344	0.0553393369877808	0.034264438788115754	0.03681793150035878	0.09217510241243843	0.5211445049334874	0.09224878366408497	0.028645281117858273	0.03971445037575659	0.030622327030084544	0.2570821274346197	0.08333566233003714	0.009429842391154766	0.8017329525784165	0.7912369840876111	0.7838131237696285	0.8851906586133802	0.8839503034455737	0.8817350923274317	0.9070027326212571	0.9153860260427774	1.0	0.407780633787995	0.09570843434391971	-0.11446684777076353	0.007055878862145179	-0.007127556479636111	0.009429842391154792
avgLapPace	0.030455294431680466	-0.06477733657217385	-0.048152165453690526	-0.04401802546001945	-0.07388167431675174	0.05595453925268809	0.05258248689470592	0.050586251359254514	0.03049182656698045	0.6983516333369763	0.030963428761595545	0.029856230414509206	0.03144077681350148	0.033605072042814065	0.08166764424547801	0.009831157668522793	0.3689994528828658	0.5380110854057005	0.5261315871959036	0.4023240428459302	0.5295521577445379	0.5292910050646749	0.4111411407518138	0.38874836196007356	0.37564824021379484	0.407780633787995	1.0	0.031640702176434936	-0.041985804570106866	0.25970472562286323	0.04050554777449864	0.36899945288286573
trackRace	0.005739571130981339	-9.115515241013435e-05	-0.02566440885334525	-0.016726347014670406	0.011659249000830731	0.0060921657870883165	0.003440016515582722	0.004271416735274219	0.013539279102774995	-0.017875839626203916	0.013686557739197835	0.00528661134667943	0.00907113572178731	0.006740027538404355	-0.028976058608161135	0.009624260864227116	-0.13094791716335744	-0.07222749728262857	0.101045339323845	-0.03726961048033055	0.005046398507689195	0.004199745691710755	0.19946601707348233	0.09866133602384851	0.017076750553846647	0.09570843434391971	0.031640702176434936	1.0	-0.9363873026434008	-0.4001059316646533	-0.015020873098338968	-0.13094791716335744
streetRace	-0.008524271800971114	-0.0020401567480844976	0.025297596121750743	0.016903583280480156	-0.013227268344164562	-0.01049057902953714	-0.004433809247103841	-0.005761077112990838	-0.020145224358637043	0.015923246770719154	-0.020314435001108362	-0.00785458663869845	-0.013384435885518254	-0.00937298926368418	0.0721748457686295	-0.006727522938348494	0.07990642571448515	0.016297671143586705	-0.11528531761428189	0.01759674577636236	-0.03708454150942534	-0.03608197515908182	-0.21445770641358675	-0.1454743691921656	0.028910119967076715	-0.11446684777076353	-0.041985804570106866	-0.9363873026434008	1.0	0.3865824056426508	0.01582282046186336	0.07990642571448515
turns	0.0007891070031039653	0.007596371265357362	0.018756597859460995	0.012371190951833625	-0.005969465445109353	0.0027560010398155906	-0.00019477262566291133	-0.0002958393580514355	0.004372095143243952	0.11784476598507468	0.004315464805113091	0.0007811100714797414	-5.7985366330783194e-05	-0.0003540685489997795	0.0024078022616205877	-0.0015716970987131704	0.5487782223118716	0.25819886671965553	0.26758732355030757	0.15880773019713357	0.25756950615138957	0.25734331031637153	-0.06116143048041691	-0.03964147604572913	-0.07224134669075546	0.007055878862145179	0.25970472562286323	-0.4001059316646533	0.3865824056426508	1.0	0.00580164534900161	0.5487782223118713
positionsGained	-0.006819685754794719	0.4795654281510848	0.15394322629341597	0.17049268122271719	0.40392845967312435	-0.032010764314360604	-0.05829759514734662	-0.059620202287552	-0.017419385157773446	0.06976495169254428	-0.017312814527890994	-0.014349049542926887	-0.02983328376341233	-0.028725368935204953	0.009930773733795981	-0.02724716116375594	0.03729815027407234	-0.0030106743558451494	-0.006751336800915886	-0.001521533713910248	-0.004382407620017506	-0.003762581139348259	-0.006658919179578028	-0.012990195048662825	-0.007633043505790227	-0.007127556479636111	0.04050554777449864	-0.015020873098338968	0.01582282046186336	0.00580164534900161	1.0	0.0372981502740723
best_qual_time	-0.029166704922310088	0.08724544247923682	0.07729256455998537	0.06699061130846294	0.10369755458396435	-0.012483194767613923	-0.042192627093214245	-0.040456860825566654	-0.020792642116192115	-0.0029557837207485004	-0.020902454664323434	-0.03379322620827235	-0.03653087336536909	-0.03564849450991681	-0.0657117149720493	-0.05269379691873021	1.0	0.3590798088790026	0.34725956730607727	0.28556212493662375	0.37012546537292895	0.36975458166707914	-0.04280168325399119	-0.0437888299191444	-0.11366196187816843	0.009429842391154792	0.36899945288286573	-0.13094791716335744	0.07990642571448515	0.5487782223118713	0.0372981502740723	1.0
