resultsDriverName,p2_5,p97_5
Alexander Albon,-6.19311455,13.861338575000001
Arvid Lindblad,-1.8550923000000001,4.703591625000001
Carlos Sainz Jr.,-5.98526305,11.53966345
Charles Leclerc,-5.633628375,6.861393705
Esteban Ocon,-3.682281100000001,8.213775650000002
Fernando Alonso,-7.6856921499999995,12.2783928
Franco Colapinto,-3.120139,8.051420400000003
Gabriel Bortoleto,-3.2951811,7.861717800000003
George Russell,-2.68634602,5.503263610000001
Isack Hadjar,-2.8891950675,7.123205349999999
Kimi Antonelli,-6.0881615,2.682320825
Lance Stroll,-5.428783999999999,15.1962793
Lando Norris,-1.2454079649999998,7.7946381
Lewis Hamilton,-1.7023928400000004,4.343596875000001
Liam Lawson,-3.8996786499999994,5.888771255000002
Max Verstappen,-9.502807575,6.028179335
Nico Hülkenberg,-1.639682,11.17762295
Oliver Bearman,-3.796665,12.8132319
Oscar Piastri,-4.62181436,6.3596756
Pierre Gasly,-2.6582056550000006,7.476363255000001
Sergio Pérez,-4.4808983,14.6217898
Valtteri Bottas,-4.2209676499999995,13.8711814
Yuki Tsunoda,,
