constructorName,p2_5,p97_5
Alpine,-3.2721201250000003,8.497683424999998
Aston Martin,-7.995783650000001,14.217834249999997
Audi,-3.3303569000000004,10.599581174999999
Cadillac,-5.5895152249999995,13.290775174999998
Ferrari,-4.621993467499999,5.351624084999997
Haas,-4.6300443,11.155016824999999
McLaren,-4.48177926,6.764737884999999
Mercedes,-5.305374725,4.380006834999999
Racing Bulls,-3.7315224750000002,7.217504287499997
Red Bull,-7.5986013925,5.057835677499999
Williams,-6.975906275000001,12.944290924999997
